<?xml version="1.0" encoding="UTF-8"?>
<!DOCTYPE suite SYSTEM "https://testng.org/testng-1.0.dtd">
<suite name="Suite1">
  <test thread-count="5" name="Test1">
    <classes>
      <class name=".AddNewMembers"/>
      <class name=".MemberActionsRequestToUpdate"/>
      <class name=".MemberActionsViewDetails"/>     
      <class name=".MemberActionsEditMember"/>
	  <class name=".MemberActionsRequestApproval"/>
      <class name=".MemberActionsSaveAsDraft"/>
    </classes>
  </test> <!-- Test -->
</suite> <!-- Suite -->
